{"single_run": [0.9033958906926762, 7.258714431376732, 8.162110322069408, 1.9985937502807962, 1.3018642247131877, 3.300457974993984, 3.01713628209832, 2.974196294885734, 2.995666288492027], "ic_avg_time": 0.9033958906926762, "ic_avg_delay": 7.258714431376732, "total_ic_avg_time": 8.162110322069408, "oc_avg_time": 1.9985937502807962, "oc_avg_delay": 1.3018642247131877, "total_oc_avg_time": 3.300457974993984, "ic_energy": 3.01713628209832, "oc_energy": 2.974196294885734, "total_energy": 2.995666288492027}